Bonnie Hunt,2667
Alison Wandzura,23573
Lorenza Izzo,1018
Jonathan Hyde,4976
Ernie Hudson,2439
Olivia Macklin,25935
Lisa Rinna,4518
Kelly Overton,2222
Noah Taylor,4602
Ali MacGraw,3300
Xander Berkeley,3579
Elden Henson,2444
Sam Waterston,1898
Eric Winter,4925
Tyler Perry,3986
Bingbing Li,4120
David Morrissey,3902
Vanessa Lengies,3412
Diane Ladd,3517
Harry Lloyd,2864
Kelly McCreary,5775
Rene OConnor,5277
Hayley Sales,14588
Justina Machado,4009
Brian De Palma,3167
Russell Tovey,3161
Matt Ross,2057
Wood Harris,3837
Chris Lowell,6807
Charlie Tahan,5935
Niall Matter,4461
Gail OGrady,4115
Camille Chen,14664
Melina Kanakaredes,7300
Kiele Sanchez,3242
Britt Lower,9489
Ron Thomas,26149
Colin Salmon,5392
Patrick John Flueger,3251
Will Estes,3763
Brianna Brown,1687
Scottie Thompson,3272
Karina Lombard,5026
Molly Hagan,2884
Hector Elizondo,2847
scar Jaenada,5507
Clara Paget,1698
Josefin Asplund,3820
Kris Kristofferson,3384
Jake Lloyd,1719
Rosie Perez,3348
Amy Madigan,4270
Paul Schneider,3281
Jon Heder,3609
Christina Robinson,3618
Arlene Golonka,11288
Wyatt Nash,3753
Nicholas DAgosto,2198
Jorge Garcia,2559
Rosabell Laurenti Sellers,3257
Rachel Ticotin,3666
Marta Kristen,9956
Amy Hargreaves,751
Jamie Clayton,45
Lili Taylor,3440
Joe Anderson,2336
Betsy Russell,4427
Veronica Cartwright,2239
Daisy Bevan,13837
Dul Hill,2823
Austin North,23659
Bonnie Aarons,2855
Greg Kinnear,3303
Brooke Adams,4110
Tim Blake Nelson,3021
Alan Arkin,2994
Kevin Sorbo,3636
Abraham Benrubi,3563
Brooke Smith,3144
Jack Ashton,6874
Victoria Hamilton,4491
Shelley Fabares,4292
David Arquette,3719
Billy Crystal,3508
Saxon Sharbino,3711
Cynthia Nixon,3057
Rumer Willis,1963
Martha Plimpton,2202
Ty Olsson,4088
Bryan Singer,2479
Alyshia Ochse,5369
Priscilla Presley,3573
Ian McDiarmid,1400
Mara Valverde,4124
Jake Weary,3749
Claire Unabia,145985
Peter Krause,2626
Xavier Samuel,1849
Christopher Guest,3030
Alan Dale,4099
Tim Daly,3453
Dan Harmon,3673
Paul Reubens,3171
Carly Pope,1551
David Dastmalchian,1017
Maisie Richardson-Sellers,3210
Carroll Baker,5157
Steven Yeun,3207
Genevieve OReilly,2856
Luke Bracey,1805
Tamzin Merchant,1816
Michael Ealy,2832
Kim Kardashian West,3381
Lily Newmark,33259
Tom Skerritt,2563
Matt Jones,4686
Sophie Winkleman,4920
Sinad Cusack,4993
Markie Post,2085
Madison Riley,10580
Lars Mikkelsen,236
Dianne Wiest,3186
Luke Grimes,2706
Katie Hartman,239800
Edward Burns,3979
Joel David Moore,4550
Sean Maguire,4360
Jane Lynch,3770
Belinda Stewart-Wilson,5499
Tonya Glanz,22080
Dyan Cannon,3802
Patrick Schwarzenegger,4871
Brian Dennehy,3925
Musetta Vander,3643
Terry OQuinn,3490
Arden Cho,7566
Sunny Mabrey,3089
Dylan Kingwell,11280
Meghan Ory,1905
Laura Bell Bundy,3121
Ray Fisher,7739
Kerr Smith,4178
Bruce Spence,6995
Helen Baxendale,4404
David Hasselhoff,1214
Sadie Sink,13833
Fiona Gubelmann,7066
Michael Mando,2539
Kathleen Quinlan,3006
Cameron Richardson,3175
Chris Klein,3345
Carey Lowell,3346
Kam Heskin,3157
Michael Cudlitz,2599
Jonathan Ke Quan,2678
Larenz Tate,4167
Shaun Sipos,8170
Stacy Keach,3256
Amber Nash,2784
Daniella Alonso,3340
Terence Stamp,3376
Kerri Green,3350
Freddy Rodrguez,2538
Jesse Lee Soffer,2810
Connor Paolo,2676
Paul Schrader,8766
Dominique McElligott,2693
Tuesday Weld,2875
Linda Harrison,6816
Trevante Rhodes,2794
Richard Thomas,2572
Leland Orser,5051
Nazneen Contractor,4609
Stephen Moyer,2232
Liesel Matthews,8731
Jake McLaughlin,3932
Scott Michael Foster,3152
Joanne Linville,11048
Robert Englund,3262
Tony Curran,3883
Jason Mewes,1716
Wayne Knight,3318
Tim Loden,61492
Rena Owen,9341
Angus T Jones,3103
Sibel Kekilli,3114
George MacKay,1931
Damien Chazelle,1538
Stefanie Scott,2902
Emma Rigby,4792
Sally Phillips,1156
Kirsten Vangsness,3498
Jen Lilley,9502
Judy Parfitt,5438
Anne-Marie Duff,3399
Qi Shu,3734
Barbara Windsor,1076
Tatyana Ali,2821
Scoot McNairy,1733
Danny Pudi,5424
Melinda McGraw,5214
Francis Capra,1758
Tamsin Egerton,2812
Cheryl Hines,3684
Claudia Kim,4671
Andrew Robinson,4510
Tami Stronach,9473
Philip Winchester,2349
Jason George,8043
Terrence Malick,2350
Nancy Allen,3510
Bokeem Woodbine,2809
Willa Fitzgerald,4735
Brnice Bejo,4082
Nina Cheek,15041
Raquel Castro,7098
Frances Conroy,3720
Amy Sedaris,1692
Jaclyn Smith,4079
Jessica Harmon,4297
Uzo Aduba,2366
Austin Abrams,10045
Rob McElhenney,1123
Kamil Lemieszewski,3142
John Ratzenberger,4384
Sammi Hanratty,3647
Cynthia Addai-Robinson,3073
William Baldwin,3710
Anthony Ingruber,8268
Peter MacNicol,4267
Vivica A Fox,1962
Amrita Acharia,3876
Emmanuelle Seigner,3462
Thomas Ian Nicholas,3880
Dean-Charles Chapman,4480
Marilu Henner,5195
Daniel Ings,13246
Rae Dawn Chong,2452
Barry Sloane,3056
Kurtwood Smith,3625
Martin Cummins,4832
Eve Harlow,4368
Brent Spiner,2020
Jeffrey Combs,3781
Kelli Giddish,4565
Shea Whigham,2168
Gina McKee,3416
Mamie Gummer,2715
Jessica Lowndes,2663
Monica Keena,2454
Fred Ward,4738
Emily Berrington,6121
Anna Hutchison,3023
Judy Reyes,4580
Jorja Fox,3443
Dawn Lyn,13318
Anna Chancellor,4387
Niecy Nash,1215
Victor Garber,3688
Mel Rodriguez,7440
Carrie Keagan,4522
Noah Hathaway,4753
Corbin Bernsen,2835
Jaime Camil,5008
Grard Depardieu,4146
Tara Fitzgerald,4334
Luis Guzmn,3419
Geraldine Viswanathan,22577
Kelley Jakle,4301
Scarlett Estevez,4290
Daniel Stern,4021
Louis Hynes,8931
Julia Whelan,4207
Andrew J West,1560
Paz de la Huerta,3518
Tuva Novotny,5637
Alex Meneses,5753
David Suchet,1213
Stuart Townsend,1262
Miranda Raison,3093
Simon Bird,7772
Gena Rowlands,3013
Gerald McRaney,3487
Kirby Howell-Baptiste,8941
Brian Thompson,3924
Joe Morton,4114
Yahya Abdul-Mateen II,5304
Tom Burke,4541
Sam Horrigan,7773
David Warner,4640
Rena Sofer,2964
Beau Bridges,4991
Bruce McGill,3813
Madeleine Martin,3500
Malcolm Barrett,5524
Katie Leung,5804
Hugh Bonneville,4577
Amber Stevens West,2429
Sunny Leone,2726
Oliver Stark,5497
Cheryl Ladd,3855
Brooklynn Prince,64174
Andra Petru,32214
Ursula Andress,1353
Iain De Caestecker,2281
Maxwell Caulfield,4561
Alyvia Alyn Lind,9076
Marc Blucas,4596
Roger Craig Smith,9942
David Hyde Pierce,3483
Jim Jarmusch,2862
Lena Olin,3531
Franois Arnaud,3742
Peter Fonda,4375
Trevor Morgan,2446
Peri Gilpin,3915
Rita Wilson,2551
Ione Skye,3633
Gil Birmingham,6926
David Bradley,4083
Andrea Savage,3436
Sarah Habel,1986
Daniel Henney,3828
Giacomo Gianniotti,4500
Finn Wittrock,2235
Dave Annable,3519
Victoria Principal,4045
Isabelle Cornish,298
Mark Dacascos,4606
Michelle Mitchenor,5220
Matt Ryan,3655
Doug Hutchison,3169
Sarah Steele,6285
Timothy Busfield,3873
Heather Langenkamp,4013
Shannon Tweed,3800
Spike Jonze,3365
Callum Keith Rennie,5556
Tina Yothers,10907
Nick Castle,15951
Tatiana Zappardino,100424
Meredith Monroe,3745
Jana Kramer,4362
Dustin Clare,4403
Jason Marsden,4031
Esm Bianco,2419
Elinor Donahue,6145
Gracie Gillam,5543
Bijou Phillips,3504
Jillian Bell,1492
John Barrowman,2477
Austin Stowell,4184
LL Cool J,4239
Andrea Navedo,5025
Vaughn Stein,23855
Amy ONeill,7492
Richard Chamberlain,4060
Estella Warren,881
Jill Whelan,6301
Jessica Green,5047
Nolan Gould,2547
Ambyr Childers,5677
Kevin Rahm,3477
Meganne Young,15445
Nicole Eggert,2256
James Ransone,5324
Toby Regbo,1074
Harold Perrineau,3378
Teryl Rothery,5882
Matthew Mercer,3240
Raoul Max Trujillo,4227
Eddie Cahill,3132
Riley Reid,6529
Kira Kosarin,3442
Casper Van Dien,2854
Kacey Rohl,2373
Roxanne McKee,2771
Frank Langella,3247
Jason Biggs,1867
Doris Day,2389
Lee Ingleby,4786
Elizabeth Lail,6380
Sasha Mitchell,5588
Stephen Fry,2356
Sadie Sandler,1300
Adam McKay,4642
Steven Weber,1561
Vanessa Bayer,3219
Briga Heelan,284
Hayley Mills,2287
Robert Kazinsky,3229
Keke Palmer,4044
Linda Evans,3687
Kristina Reyes,30477
Soleil Moon Frye,3575
Iko Uwais,4803
Nina Kiri,4064
Pip Torrens,5329
Mark Williams,2375
Paulo Costanzo,6885
Amber Skye Noyes,13496
Sherry Stringfield,4481
Dean Cain,3143
Jason Mitchell,6190
Johnny Crawford,2169
Joe Dempsie,3726
Kyle Richards,5132
Holland Taylor,4631
Vanessa Rubio,108780
Charlotte Ritchie,7051
Ashley Walters,12273
CCH Pounder,4826
Kristin Bauer van Straten,2055
Dwight Yoakam,4648
John DeSantis,3913
Susan Blakely,5936
Gaite Jansen,5861
Sasheer Zamata,4449
Mariette Hartley,3645
Marissa Ribisi,6810
Hanna Hall,1209
Tom Bateman,1893
Marianna Hill,6908
Jaid Barrymore,3407
Neil Flynn,4230
Brooke DOrsay,3122
Gary Anthony Williams,5938
Jeremy Northam,3916
Elena Kampouris,3236
Rob Riggle,4187
Melissa ONeil,5767
Alison Doody,3418
Warren Christie,2059
Thad Luckinbill,12415
Jason Gedrick,3842
Nick Cassavetes,4464
Adriyan Rae,25605
Rebecca Mader,663
Jonathan Keltz,7480
Li Gong,2990
Peta Wilson,4544
Sophie Colquhoun,8729
Ryan Hansen,4050
Arielle Carver-ONeill,60833
Kathy Baker,5401
Eka Darville,6420
Jeanine Mason,14729
Pauly Shore,4220
Sheryl Lee,633
Amanda Walsh,8922
Montana Jordan,52731
Bill Cosby,8155
Jane Wiedlin,8409
Freya Mavor,5268
Michelle Hurd,3120
Sam Page,3559
Roger Bart,5729
Jimmy Fallon,3569
Talitha Eliana Bateman,10156
Steve Coogan,1798
Alexandra Maria Lara,4477
Marisa Ramirez,3238
Tim Rozon,1187
Alec Berg,14535
Sharon Lawrence,5851
Mark Bonnar,2803
Michelle Fairley,1027
Timothy Hutton,4026
Jimmy O Yang,4886
Paddy Considine,4759
Pilou Asbk,560
Michael Eklund,2358
Derek Jacobi,3706
Jasmine Guy,3952
Chris Cooper,3907
Nolan North,2506
John Ross Bowie,3937
Isaiah Washington,3356
Esai Morales,4373
Grace Zabriskie,3401
David Eigenberg,5981
Kari Wahlgren,3911
Elaine Hendrix,3028
Alberto Frezza,33282
Udo Kier,5347
Madison Davenport,2234
Rossy de Palma,10758
Eva LaRue,4354
Hannah Tointon,4625
Alain Delon,2872
Thomas Mann,1493
Liam James,5290
Anthony Head,4646
Ronni Hawk,9126
Carla Gallo,3098
Scott Patterson,3083
MyAnna Buring,3698
Timothy Spall,3617
John Schneider,4455
Derek Luke,939
Catherine Deneuve,3900
Briana Venskus,2286
Lindsay Duncan,1802
Michael Chiklis,3680
Ryan Simpkins,7472
Jordan Ladd,3863
Tom Kenny,3815
M Emmet Walsh,4713
Victor Webster,4155
Tom Wlaschiha,2681
Brendan Fehr,2370
Harry Hamlin,4248
Lily-Rose Depp,2497
Sheri Moon Zombie,3231
Alice Krige,2316
Hari Kondabolu,75611
Noah Schnapp,3931
Richard Roxburgh,4139
James Buckley,5643
Will Friedle,4310
Jerry Stiller,3849
Kate Maberly,3146
Kat Foster,7124
Nicki Minaj,1952
Jeff Ward,47622
Andrea Londo,76534
Morgan Spector,7489
Persia White,4416
Creed Bratton,5078
Alessandra Ambrosio,4582
Kate Flannery,6095
Jesse Metcalfe,2387
Jennifer Lien,2457
Zachery Ty Bryan,2648
Casey Cott,2630
Geoffrey Arend,3185
Keir Dullea,7964
Talia Balsam,4234
Michael Dorn,3018
Jimmy Bennett,4793
Isabelle Huppert,2138
Tanaya Beatty,13223
Garcelle Beauvais,6148
Robby Benson,2671
Ann Cusack,613
Oliver Stone,3173
Nichelle Nichols,6422
Keisha Castle-Hughes,3605
Laura Carmichael,2985
Tao Okamoto,3479
Ethan Coen,3194
Beatie Edney,6839
Dennis Haysbert,3048
Natassia Malthe,5561
Keiko Agena,1542
Jim Belushi,4007
Tyler Labine,4515
Ewen Bremner,3798
Alexis Dziena,1776
Priscilla Barnes,3809
Talisa Soto,3291
Heather Matarazzo,3439
Hart Denton,134889
Temuera Morrison,2053
Cameron Seely,100614
Charles Michael Davis,4675
Charlotte Sullivan,1811
Nicole Ari Parker,3200
Amy Landecker,2967
Nathan Parsons,5798
Louis Gossett Jr,6975
Audra McDonald,4796
Yannick Bisson,2723
Oliver Platt,2485
Chasty Ballesteros,1169
Bailey Chase,4888
Louise Fletcher,2873
Fabiana Udenio,2714
Mark OBrien,5930
Bryan Callen,4863
Maggie Wheeler,3201
Scarlett Pomers,2844
Suranne Jones,6685
Craig Robinson,4689
Louis Hunter,17117
Sammi Sweetheart Giancola,11880
Piper Laurie,2684
Sidney Poitier,2640
Sierra McCormick,6444
Madison De La Garza,9151
Ralph Ineson,5502
Dean Devlin,12839
Ornella Muti,5459
Elliott Gould,3981
Zosia Mamet,2878
Naveen Andrews,1649
Salman Khan,3858
Xavier Dolan,2309
Ian Holm,3162
Maddison Jaizani,3357
Zachary Gordon,1761
Peter Capaldi,1762
Lindsay Hartley,6343
Rachel Ward,3692
Daniela Bobadilla,2320
Ashley Jones,9344
Caroline Dhavernas,1737
Donna Murphy,1127
Alexander Payne,6348
Til Schweiger,3786
Morris Chestnut,2694
Felicity Huffman,3727
Denise Crosby,3410
Lesley Manville,3627
Annie Murphy,3050
Charlotte Vega,8635
Parker Young,5089
Rider Strong,4674
Rose Reynolds,34749
Jason Flemyng,2266
Rob Huebel,5147
Matthew Vaughn,2264
Kim Bodnia,10316
Bette Midler,3652
Lia Marie Johnson,4235
Helena Mattsson,2691
Michelle Wolf,23589
Kim Rhodes,4119
Jason Alexander,3669
Penelope Mitchell,5493
Cynthia Rothrock,8090
Viva Bianca,3465
Debra Jo Rupp,3421
Amitabh Bachchan,4567
Daniella Pineda,4663
Sarah Dumont,4882
Nick Zano,3343
Paul Ritter,7447
Dana Wheeler-Nicholson,3951
Will Kemp,4583
George Segal,4822
Chad Lowe,6324
Corin Nemec,5128
Omar Epps,4921
Enrico Colantoni,6452
Brian Hallisay,2492
Nick Stahl,4762
George Eads,4087
Janine Turner,3159
Jackie Cruz,1610
Hillary Anne Matthews,35742
Deborra-Lee Furness,5241
Jason Gray-Stanford,5886
Laverne Cox,2159
Lauren Hutton,5455
Nathan Lane,4094
Kirsten Zien,5553
Amy Seimetz,1916
Brandy Ledford,4249
Booboo Stewart,2004
Marika Dominczyk,1485
Gary Sandy,13031
Johnny Simmons,412
Abigail Hawk,4710
Stefan Kapicic,6528
Moises Arias,3872
Mark McKinney,5421
Anika Noni Rose,2430
Tala Ashe,36131
Adam Ferrara,9153
Disha Patani,4771
Tamla Kari,5928
Celeste Ziegler,136620
Matt Reeves,5027
Gaspar No,6192
Michael Zegen,9793
Thomas F Wilson,4048
Laura Wiggins,1265
James Michael Tyler,6112
David Koechner,4226
Jennie Garth,2007
Marion Ramsey,3583
Robert Blake,5333
Azura Skye,6872
Kerris Dorsey,1362
Ruth Bradley,8847
Liam McIntyre,4053
Francia Raisa,2624
Adelaide Clemens,3783
Chad Stahelski,6066
Teri Copley,23323
Lauren Tewes,6740
Cassie Ventura,7137
Jemima Rooper,6184
Danielle C Ryan,4037
Aziz Ansari,1421
Adina Porter,4325
Bug Hall,4276
Jacob Latimore,6992
Brandon Larracuente,275
Anthony LaPaglia,5088
Tim Minchin,9623
Imelda Staunton,5001
Jillian Murray,3764
Erin Cummings,3674
James Le Gros,4204
Brandon W Jones,3208
Hamish Linklater,4134
Ellen DeGeneres,2939
Billy Howle,18332
Terry Chen,7567
Albert Brooks,1396
Elon Musk,7246
Ben Schnetzer,3805
Joanna Newsom,5628
Angela Zhou,8237
Frankie Muniz,2700
Ian Anthony Dale,3640
Dave Chappelle,2172
Marwan Kenzari,9033
Tracy Letts,2818
Lauren Stamile,4986
Josh Herdman,8222
Dan Fogler,1140
Jessica Boehrs,7824
Bill Heck,25369
Breanne Hill,3844
Lori Singer,3102
Chris DElia,7160
Alice Englert,3499
Daisy Beaumont,16881
Willow Smith,6859
Joseph Mawle,4766
Veronica Ngo,30944
Donald J Trump,2746
Aya Cash,4377
KaDee Strickland,3541
Sadie Frost,4145
Drew Ray Tanner,19938
Kevin McHale,5405
Nelson Franklin,7102
Bill Nye,4199
Donald Faison,5223
Ermanno Olmi,37061
Tom Wilkinson,3964
Dylan Baker,5956
Angus Sampson,4563
David OHara,2180
French Stewart,5664
Maxine Peake,4391
Hugh Keays-Byrne,4626
Leigh Whannell,6735
Reshma Shetty,7799
Trevor Donovan,7471
Brec Bassinger,8732
Rebecca Rittenhouse,7342
Taylor Hickson,4835
Ray Winstone,2305
Kip Pardue,5934
Gillian Vigman,4352
Wiley Wiggins,7264
Doona Bae,120
Kendall Jenner,3780
Cynthia Rhodes,3862
Maribeth Monroe,5563
Maggie Geha,1472
Glynis Johns,3020
Julie Delpy,3767
Miranda Rae Mayo,7585
Bronson Pinchot,4960
Jade Tailor,4315
Elizabeth Berridge,7617
Ilana Glazer,2660
Gemma Whelan,2830
Geraldine Chaplin,5077
Virginia Kull,4323
Beverley Mitchell,3422
Todd Lowe,3258
Nia Peeples,3942
Chris Elliott,3821
Logan Miller,4584
Alexandra Wentworth,8947
Blanca Surez,821
George Miller,4277
Sofia Carson,2445
Barry Bostwick,3910
Susan George,5377
Ana Ularu,2056
Eric McCormack,3799
Emily Tyra,11878
Shirley Jones,4797
Brian Van Holt,8136
Didi Conn,7140
Madison Pettis,2924
Susan Dey,6074
Pedro Almodvar,3994
Kris Marshall,2699
Jonathan Frakes,3658
Jodi Balfour,7513
Arnold Vosloo,2528
Bobbie Phillips,6684
Terrence TC Carson,14582
Jerry Seinfeld,3735
Kate Miller,6103
Rachel Hurd-Wood,2113
Joy Nash,76169
Jaimi Paige,10970
Marianne Rendn,12337
Mark Margolis,2577
Sheridan Smith,3448
Carel Struycken,4879
Jessica Barth,5449
Diane Venora,5558
Ivanna Sakhno,42914
Cassandra Scerbo,4478
Harry Melling,4030
Tony Todd,4321
Kether Donohue,5158
Ricky Schroder,4818
Cameron Cuffe,17972
Boris Kodjoe,5112
Jack Falahee,4283
Kyra Zagorsky,5743
Robert Forster,2301
Ellis Rubin,103684
Melania Trump,6085
Skylar Astin,3657
Freddie Boath,6919
Meg Tilly,3797
Max Burkholder,4438
Tori Kelly,407
Clara Lago,8338
David Lyons,7593
Kathy Najimy,4153
Rick Gomez,9903
Jaleel White,5163
Jill Flint,2871
Landon Liboiron,3592
Tracy Morgan,4967
Daeg Faerch,7341
Ashley Hinshaw,2654
Michael Beach,5250
Andrew Wilson,2240
Kenneth Choi,4256
Alicia von Rittberg,2886
Skyler Samuels,4243
Tony Revolori,4845
Jill Hennessy,2777
Sarah Power,4617
Pat Carroll,8665
Coralie Fargeat,147635
Tiffany Dupont,7435
Mikaela Hoover,1219
Drake Bell,4501
Kelli Berglund,3205
Eddie Jemison,5793
Indya Moore,324337
Jill St John,1606
Sara Martins,5827
Suzy Amis,6156
Lesli Margherita,48717
Julia Sawalha,3289
John Williams,3975
Miriam Shor,8298
Eloise Mumford,3774
Shahana Goswami,11830
Matt Walsh,5625
Reginald VelJohnson,7265
Jordana Spiro,8016
Rick Gonzalez,3164
Tessa Netting,9136
Sean Bridgers,7816
Allen Covert,4394
Joaquim de Almeida,7810
Daniel Dae Kim,3154
Terence Hill,4537
Courtney Peldon,5441
Diane Baker,6942
Alanna Masterson,2905
Corbin Bleu,5149
Sally Kellerman,3811
Willie Garson,4690
Maude Apatow,5237
Suzanne Lenz,139559
Adam Beach,4660
Jennifer Ferrin,7387
Fionnula Flanagan,4890
Angus Macfadyen,3631
Ted Sutherland,35379
Meghan Rienks,11448
Rupert Graves,5172
Finn Carter,6717
Zachary Knighton,7986
Tom Rosenthal,20228
Agnes Bruckner,3158
Indiana Evans,2797
Gia Mantegna,723
Tracie Thoms,3699
Sandra Bernhard,6949
Chris Massoglia,11180
Jim Rash,3241
Matthew Settle,4470
Jake Weber,4343
Rupert Penry-Jones,3874
Jessica De Gouw,2961
Michele Carey,4758
Mark Addy,3352
Francesca Root-Dodson,117888
Angelique Cabral,2285
Majandra Delfino,4396
Asa Akira,3163
Kelly Carlson,4717
Alex Russell,8213
Barry Corbin,4902
Presley Smith,12117
Robert Conrad,5002
Paul Lieberstein,6036
Ajay Friese,70186
Amanda Plummer,3851
Melissa Roxburgh,5248
Christine Ko,2484
Hannibal Buress,3277
Michael Emerson,4190
Melissa McBride,3461
Bob Newhart,5420
Karen Fukuhara,2122
Ken Watanabe,4305
James Lafferty,2962
Elliot Cowan,6718
Laila Rouass,22943
Joelle Carter,1379
Kristen Renton,3321
Eric Idle,8390
Martin Mull,5862
David Fumero,8256
Claudia ODoherty,5016
Jessica Simpson,3566
Brighton Sharbino,3853
Karan Soni,6450
Julie Hagerty,5681
Alice Amter,4736
Cariba Heine,4331
Alicia Keys,3843
Mustafa Shakir,25341
Rhea Perlman,3661
David Gallagher,4113
Emory Cohen,2392
Shiva Negar,6854
Adam Rodriguez,3209
Craig Sheffer,5106
Madison McLaughlin,3347
Nancy Carell,4337
Randy Quaid,3427
William Katt,4508
Austin OBrien,3914
Jim Beaver,4294
Julian Glover,3586
Ian Verdun,70519
Mark Boone Junior,2406
Ken Marino,3118
Marina Squerciati,2622
Jenna Boyd,5415
Mr T,4897
Amy Irving,4891
Alison Becker,2997
Phyllis Smith,4761
Devon Aoki,3370
Kimberly Guilfoyle,11163
Paul Reiser,2907
Kevin Corrigan,4815
William Daniels,4571
Thomas Kretschmann,4743
Kim Director,6264
Tobin Bell,3785
Wendy Makkena,3550
Luke Kleintank,2921
Kay Panabaker,3188
Maude Hirst,2837
Kathryn Erbe,4909
Zeljko Ivanek,4122
Evan Ross,7418
Tina Louise,3535
Michael Schoeffling,2453
Raymond Cruz,3804
Warren Brown,4365
Libe Barer,8164
Liza Snyder,3047
Kevin Sussman,4196
Amy Forsyth,14266
Athena Karkanis,5403
Jessica Schwarz,20620
Robert James-Collier,5111
Aaron Schwartz,553
Freema Agyeman,468
Wim Wenders,7375
Julian Rhind-Tutt,7243
Ben Platt,2831
Penny Marshall,5448
Burt Young,4598
Jeremy Strong,11623
America Olivo,3941
Stephen Walters,2420
Martha MacIsaac,3307
Gina Holden,5242
Lawrence Kasdan,7414
Samuel West,8663
Sybil Danning,4371
Melissa Sagemiller,5146
Olivia DeJonge,4844
Keely Shaye Brosnan,3383
Katelyn Pearce,65314
Mare Winningham,4474
Christopher Denham,4459
Mark Goddard,13014
Victor Williams,10803
Tahmoh Penikett,5199
Aldis Hodge,2989
Carl Reiner,5547
David Hornsby,4164
Danielle Cormack,3099
Nikki Blonsky,3747
Aunjanue Ellis,1757
Jorma Taccone,6228
Emily Bergl,3470
Jennifer Runyon,5356
Dana Ashbrook,872
Andy Milder,14837
Kendra Lust,6370
Tori Spelling,3469
Shaquille ONeal,6580
Nia Jervier,7694
William Forsythe,4499
Drew Goddard,8780
Charles Melton,7258
Michael York,2571
Leslie David Baker,7030
Kiersten Warren,6006
Virginie Efira,7790
Jane Sibbett,6293
Tyler Mane,6198
Caitlin Carmichael,7506
Tamzin Outhwaite,6571
Matt McGorry,1291
Joshua Gomez,12922
Andrea Parker,4189
Chelsea Rendon,15246
Michael Kelly,3314
Paulina Porizkova,8909
Will Patton,3808
Kevin Nash,4193